title,author,price,rating
It's Only the Himalayas,S. Bedford,£45.17,Two
Full Moon over Noah’s Ark: An Odyssey to Mount Ararat and Beyond,Rick Antonson,£49.43,Four
See America: A Celebration of Our National Parks & Treasured Sites,Desconocido,£48.87,Three
Vagabonding: An Uncommon Guide to the Art of Long-Term World Travel,Rolf Potts,£36.94,Two
Under the Tuscan Sun,Frances Mayes,£37.33,Three
A Summer In Europe,Marilyn Brant,£44.34,Two
The Great Railway Bazaar,Paul Theroux,£30.54,One
A Year in Provence (Provence #1),Peter Mayle,£56.88,Four
The Road to Little Dribbling: Adventures of an American in Britain (Notes From a Small Island #2),Bill Bryson,£23.21,One
Neither Here nor There: Travels in Europe,Bill Bryson,£38.95,Three
"1,000 Places to See Before You Die",Patricia Schultz,£26.08,Five
Sharp Objects,Gillian Flynn,£47.82,Four
"In a Dark, Dark Wood",Desconocido,£19.63,One
The Past Never Ends,Monique Layton,£56.50,Four
A Murder in Time,Julie McElwain,£16.64,One
The Murder of Roger Ackroyd (Hercule Poirot #4),Agatha Christie,£44.10,Four
The Last Mile (Amos Decker #2),David Baldacci,£54.21,Two
That Darkness (Gardiner and Renner #1),Lisa Black,£13.92,One
Tastes Like Fear (DI Marnie Rome #3),Desconocido,£10.69,One
A Time of Torment (Charlie Parker #14),Charlie Parker,£48.35,Five
A Study in Scarlet (Sherlock Holmes #1),Sir Arthur Conan Doyle,£16.73,Two
Poisonous (Max Revere Novels #3),Desconocido,£26.80,Three
Murder at the 42nd Street Library (Raymond Ambler #1),Cornelius Lehane,£54.36,Four
Most Wanted,John le Carre,£35.28,Three
Hide Away (Eve Duncan #20),Iris Johansen,£11.84,One
Boar Island (Anna Pigeon #19),Desconocido,£59.48,Three
The Widow,MIGUEL DE CERVANTES,£27.26,Two
Playing with Fire,Barbara Field,£13.71,Three
What Happened on Beale Street (Secrets of the South Mysteries #2),Mary Ellis,£25.37,Five
The Bachelor Girl's Guide to Murder (Herringford and Watts Mysteries #1),Desconocido,£52.30,Five
Delivering the Truth (Quaker Midwife Mystery #1),Edith Maxwell,£20.89,Four
The Mysterious Affair at Styles (Hercule Poirot #1),Agatha Christie,£24.80,Four
In the Woods (Dublin Murder Squad #1),Tana French,£38.38,Two
The Silkworm (Cormoran Strike #2),Robert Galbraith,£23.05,Five
The Exiled,Jordan Lowery,£43.45,Three
The Cuckoo's Calling (Cormoran Strike #1),Robert Galbraith,£19.21,One
Extreme Prey (Lucas Davenport #26),John Sandford,£25.40,Three
Career of Evil (Cormoran Strike #3),Robert Galbraith,£24.72,Two
The No. 1 Ladies' Detective Agency (No. 1 Ladies' Detective Agency #1),Alexander McCall Smith,£57.70,Four
The Girl You Lost,Zane Grey,£12.29,Five
The Girl In The Ice (DCI Erika Foster #1),Robert Bryndza,£15.85,Three
Blood Defense (Samantha Brinkman #1),Desconocido,£20.30,Three
1st to Die (Women's Murder Club #1),James Patterson,£53.98,One
Tipping the Velvet,Sarah Waters,£53.74,One
Forever and Forever: The Courtship of Henry Longfellow and Fanny Appleton,Josi S. Kilpack,£29.69,Three
A Flight of Arrows (The Pathfinders #2),Desconocido,£55.53,Five
The House by the Lake,Hugh Mills,£36.95,One
Mrs. Houdini,Victoria Kelly,£30.25,Five
The Marriage of Opposites,Alice Hoffman,£28.08,Four
Glory over Everything: Beyond The Kitchen House,Kathleen Grissom,£45.84,Three
"Love, Lies and Spies",Cindy Anstey,£20.55,Two
A Paris Apartment,Michelle Gable,£39.01,Four
Lilac Girls,Martha Hall Kelly,£17.28,Two
The Constant Princess (The Tudor Court #1),Philippa Gregory,£16.62,Three
The Invention of Wings,dailyBooks,£37.34,One
World Without End (The Pillars of the Earth #2),Bill Harrar,£32.97,Four
The Passion of Dolssa,Julie Berry,£28.32,Five
Girl With a Pearl Earring,Tracy Chevalier,£26.77,One
Voyager (Outlander #3),Diana Gabaldon,£21.07,Five
The Red Tent,Anita Diamant,£35.66,Five
The Last Painting of Sara de Vos,Dominic Smith,£55.55,Two
The Guernsey Literary and Potato Peel Pie Society,"Mary Ann Shaffer, Annie Barrows",£49.53,One
Girl in the Blue Coat,Desconocido,£46.83,Two
Between Shades of Gray,Ruta Sepetys,£20.79,Five
While You Were Mine,Tammy Falkner,£41.32,Five
The Secret Healer,Ellin Carsta,£34.56,Three
Starlark,Cael Percy,£25.83,Three
Lost Among the Living,Work,£27.70,Four
A Spy's Devotion (The Regency Spies of London #1),Melanie Dickerson,£16.97,Five
Scott Pilgrim's Precious Little Life (Scott Pilgrim #1),Bryan Lee O’Malley,£52.29,Five
Tsubasa: WoRLD CHRoNiCLE 2 (Tsubasa WoRLD CHRoNiCLE #2),CLAMP,£16.28,One
This One Summer,Mariko Tamaki,£19.49,Four
The Nameless City (The Nameless City #1),Faith Erin Hicks,£38.16,Four
"Saga, Volume 5 (Saga (Collected Editions) #5)",Ruth Glover,£51.04,Two
"Rat Queens, Vol. 3: Demons (Rat Queens (Collected Editions) #11-15)",Kurtis J. Wiebe,£50.40,Three
"Princess Jellyfish 2-in-1 Omnibus, Vol. 01 (Princess Jellyfish 2-in-1 Omnibus #1)",Akiko Higashimura,£13.61,Five
"Pop Gun War, Volume 1: Gift",Farel Dalrymple,£18.97,One
Patience,Guy de Maupassant,£10.16,Three
"Outcast, Vol. 1: A Darkness Surrounds Him (Outcast #1)",Robert Kirkman,£15.44,Four
orange: The Complete Collection 1 (orange: The Complete Collection #1),Desconocido,£48.41,One
"Lumberjanes, Vol. 2: Friendship to the Max (Lumberjanes #5-8)","Shannon Watters, ND Stevenson, Gus Allen, Grace Ellis",£46.91,Two
"Lumberjanes, Vol. 1: Beware the Kitten Holy (Lumberjanes #1-4)","Noelle Stevenson, Grace Ellis",£45.61,Three
Lumberjanes Vol. 3: A Terrible Plan (Lumberjanes #9-12),"Shannon Watters, ND Stevenson, Grace Ellis, Gus Allen",£19.92,Two
"I Hate Fairyland, Vol. 1: Madly Ever After (I Hate Fairyland (Compilations) #1-5)",Skottie Young,£29.17,Two
I am a Hero Omnibus Volume 1,Kengo Hanzawa,£54.63,Three
"Giant Days, Vol. 2 (Giant Days #5-8)",John Allison,£22.11,Two
Danganronpa Volume 1,Spike Chunsoft,£51.99,Four
"Codename Baboushka, Volume 1: The Conclave of Death",Antony Johnston,£36.72,Four
Camp Midnight,Steven T. Seagle,£17.08,Four
"Bitch Planet, Vol. 1: Extraordinary Machine (Bitch Planet (Collected Editions))",Kelly Sue DeConnick,£37.92,Two
The Shadow Hero (The Shadow Hero),Gene Luen Yang,£33.14,One
"Fables, Vol. 1: Legends in Exile (Fables #1)",Bill Willingham,£41.62,Four
Batman: The Long Halloween (Batman),Jeph Loeb,£36.50,Two
Batman: The Dark Knight Returns (Batman),Frank Miller,£15.38,Five
"Wonder Woman: Earth One, Volume One (Wonder Woman: Earth One #1)",Grant Morrison,£37.34,Four
"We Are Robin, Vol. 1: The Vigilante Business (We Are Robin #1)",Lee Bermejo,£53.90,One
Through the Woods,Regineld Shelton,£25.38,Two
Superman Vol. 1: Before Truth (Superman by Gene Luen Yang #1),Gene Luen Yang,£11.89,Five
"So Cute It Hurts!!, Vol. 6 (So Cute It Hurts!! #6)",Desconocido,£35.43,Four
Robin War,"Lee Bermejo, Tom King, Patrick Gleason, Ray Fawkes",£47.82,Three
"Red Hood/Arsenal, Vol. 1: Open for Business (Red Hood/Arsenal #1)",Scott Lobdell,£25.48,Two
"Naruto (3-in-1 Edition), Vol. 14: Includes Vols. 40, 41 & 42 (Naruto: Omnibus #14)",Masashi Kishimoto,£38.39,Two
Lowriders to the Center of the Earth (Lowriders in Space #2),Cathy Camper,£51.51,Two
El Deafo,Cece Bell,£57.62,Five
Batman: Europa,Azzarello Brian,£32.01,Two
Art Ops Vol. 1,Reki Kawahara,£48.80,Three
"Adulthood Is a Myth: A ""Sarah's Scribbles"" Collection",Sarah Andersen,£10.90,Two
"Fruits Basket, Vol. 9 (Fruits Basket #9)",Natsuki Takaya,£33.95,Four
Roller Girl,Victoria Jamieson,£14.10,Five
"Fruits Basket, Vol. 7 (Fruits Basket #7)",Natsuki Takaya,£19.57,One
"Fruits Basket, Vol. 6 (Fruits Basket #6)",Natsuki Takaya,£20.96,Four
"Death Note, Vol. 6: Give-and-Take (Death Note #6)",Tsugumi Ohba,£36.39,Three
"Fruits Basket, Vol. 5 (Fruits Basket #5)",Natsuki Takaya,£16.33,One
"Death Note, Vol. 5: Whiteout (Death Note #5)",Tsugumi Ōba,£52.41,One
"The Demon Prince of Momochi House, Vol. 4 (The Demon Prince of Momochi House #4)",Aya Shouoto,£27.88,Two
"Fruits Basket, Vol. 4 (Fruits Basket #4)",Natsuki Takaya,£50.44,Four
"The Wicked + The Divine, Vol. 3: Commercial Suicide (The Wicked + The Divine)",Kieron Gillen,£14.41,Three
"The Sandman, Vol. 3: Dream Country (The Sandman (volumes) #3)",Neil Gaiman,£55.55,Five
"Saga, Volume 3 (Saga (Collected Editions) #3)",A. G. Howard,£21.57,Five
Prodigy: The Graphic Novel (Legend: The Graphic Novel #2),Rick Riordan,£43.63,Three
Persepolis: The Story of a Childhood (Persepolis #1-2),Marjane Satrapi,£39.13,One
Original Fake,B. Bernsteiner,£31.45,Three
"Grayson, Vol 3: Nemesis (Grayson #3)","Tom King, Tim Seeley",£42.72,One
"Fruits Basket, Vol. 3 (Fruits Basket #3)",Natsuki Takaya,£45.17,Two
"Black Butler, Vol. 1 (Black Butler #1)",Yana Toboso,£49.31,One
Awkward,Ty Tashiro,£38.02,Two
"The Sandman, Vol. 2: The Doll's House (The Sandman (volumes) #2)","Neil Gaiman, Various",£54.81,One
"Saga, Volume 2 (Saga (Collected Editions) #2)",A. G. Howard,£11.75,Three
"Fruits Basket, Vol. 2 (Fruits Basket #2)",Desconocido,£11.64,Five
"Y: The Last Man, Vol. 1: Unmanned (Y: The Last Man #1)",Brian K. Vaughan,£18.51,Four
"The Wicked + The Divine, Vol. 1: The Faust Act (The Wicked + The Divine)",Kieron Gillen,£36.52,Two
"The Sandman, Vol. 1: Preludes and Nocturnes (The Sandman (volumes) #1)",Neil Gaiman,£54.12,Three
The Complete Maus (Maus #1-2),Jan May,£10.64,Three
"Skip Beat!, Vol. 01 (Skip Beat! #1)",Yoshiki Nakamura,£42.12,Three
"Saga, Volume 1 (Saga (Collected Editions) #1)",W.J. May,£28.48,One
"Rat Queens, Vol. 1: Sass & Sorcery (Rat Queens (Collected Editions) #1-5)",Kurtis J Wiebe,£46.96,Five
"Paper Girls, Vol. 1 (Paper Girls #1-5)","Brian K. Vaughan, Cliff Chiang, Jared K. Fletcher, Matthew Wilson",£21.71,Four
"Ouran High School Host Club, Vol. 1 (Ouran High School Host Club #1)",Bisco Hatori,£29.87,Three
"Ms. Marvel, Vol. 1: No Normal (Ms. Marvel (2014-2015) #1)",G. Willow Wilson,£39.39,Four
"Hawkeye, Vol. 1: My Life as a Weapon (Hawkeye #1)",Matt Fraction,£45.24,Three
"Giant Days, Vol. 1 (Giant Days #1-4)",John Allison,£56.76,Four
"Fruits Basket, Vol. 1 (Fruits Basket #1)",Natsuki Takaya,£40.28,Five
"Bleach, Vol. 1: Strawberry and the Soul Reapers (Bleach #1)",Tite Kubo,£34.65,Five
"Ajin: Demi-Human, Volume 1 (Ajin: Demi-Human #1)",Gamon Sakurai,£57.06,Four
The Secret Garden,"Frances Hodgson Burnett, Thea Kliros",£15.08,Four
The Metamorphosis,Franz Kafka,£28.58,One
The Pilgrim's Progress,John Bunyan,£50.26,Two
The Hound of the Baskervilles (Sherlock Holmes #5),Arthur Conan Doyle,£14.82,Two
Little Women (Little Women #1),Louisa May Alcott,£28.07,Four
Gone with the Wind,Sidney Coe Howard,£32.49,Three
Candide,Voltaire,£58.63,Three
Animal Farm,George Orwell,£57.22,Three
Wuthering Heights,Emily Brontë,£17.73,Three
The Picture of Dorian Gray,Oscar Wilde,£29.70,Two
The Complete Stories and Poems (The Works of Edgar Allan Poe [Cameo Edition]),Edgar Allan Poe,£26.78,Four
Beowulf,Christopher Tolkien,£38.35,Two
And Then There Were None,AGATHA CHRISTIE,£35.01,Two
The Story of Hong Gildong,Desconocido,£43.19,Four
The Little Prince,Antoine de Saint-Exupéry,£45.42,Two
Sense and Sensibility,Jane Austen,£37.46,One
Of Mice and Men,John Steinbeck,£47.11,Two
Emma,Jane Austen,£32.93,Two
Alice in Wonderland (Alice's Adventures in Wonderland #1),Lewis Carroll,£55.53,One
Sophie's World,Jostein Gaarder,£15.94,Five
The Death of Humanity: and the Case for Life,Richard Weikart,£58.11,Four
The Stranger,Saskia Sarginson,£17.44,Four
Proofs of God: Classical Arguments from Tertullian to Barth,Matthew Levering,£54.21,One
Kierkegaard: A Christian Missionary to Christians,Mark A. Tietjen,£47.13,One
"At The Existentialist Café: Freedom, Being, and apricot cocktails with: Jean-Paul Sartre, Simone de Beauvoir, Albert Camus, Martin Heidegger, Edmund Husserl, Karl Jaspers, Maurice Merleau-Ponty and others",Sarah Bakewell,£29.93,Five
Critique of Pure Reason,Immanuel Kant,£20.75,One
"Run, Spot, Run: The Ethics of Keeping Pets",Jessica Pierce,£20.02,One
The Nicomachean Ethics,Aristotle,£36.34,One
Meditations,Marcus Aurelius,£25.89,Two
Beyond Good and Evil,Friedrich Nietzsche,£43.38,One
Chase Me (Paris Nights #2),Desconocido,£25.27,Five
Black Dust,William M. Frank,£34.53,Five
Her Backup Boyfriend (The Sorensen Family #1),Desconocido,£33.97,One
First and First (Five Boroughs #3),Desconocido,£15.97,Four
Fifty Shades Darker (Fifty Shades #2),E L James,£21.96,One
The Wedding Dress,Clare Gibson,£24.12,One
Suddenly in Love (Lake Haven #1),Julia London,£55.99,Two
Something More Than This,Bede Rundle,£16.24,Four
Doing It Over (Most Likely To #1),Jane L. Sumner,£35.61,Three
The Wedding Pact (The O'Malleys #2),Desconocido,£32.61,Three
Hold Your Breath (Search and Rescue #1),Katie Ruggle,£28.82,One
Dirty (Dive Bar #1),Desconocido,£40.83,Four
Take Me Home Tonight (Rock Star Romance #3),Erika Kelly,£53.98,Three
Off the Hook (Fishing for Trouble #1),David Weber,£47.67,Three
A Gentleman's Position (Society of Gentlemen #3),"Everest Media,",£14.75,Five
"Sit, Stay, Love",Dana Mentink,£20.90,Three
A Girl's Guide to Moving On (New Beginnings #2),Desconocido,£31.30,One
The Perfect Play (Play by Play #1),John Vornholt,£59.99,Three
Dark Lover (Black Dagger Brotherhood #1),J.R. Ward,£12.87,One
Changing the Game (Play by Play #2),Samantha Wayland,£13.38,Three
A Walk to Remember,Pasquale De Marco,£56.43,One
The Purest Hook (Second Circle Tattoos #3),Desconocido,£12.25,One
The Obsession,Jesse Q. Sutanto,£45.43,One
Reservations for Two,Hillary Manton Lodge,£11.10,Three
Best of My Love (Fool's Gold #20),Margaret Greco,£27.41,Two
Where Lightning Strikes (Bleeding Stars #3),Desconocido,£39.77,Three
This One Moment (Pushing Limits #1),Desconocido,£48.71,One
"Rhythm, Chord & Malykhin",Mariana Zapata,£28.34,Two
My Perfect Mistake (Over the Top #1),Kendra Little,£38.92,Two
Listen to Me (Fusion #1),Desconocido,£58.99,Three
Imperfect Harmony,Amanda Torrey,£34.74,Four
Fighting Fate (Fighting #6),JB Salsbury,£39.24,Three
Deep Under (Walker Security #1),Desconocido,£47.09,Five
Charity's Cross (Charles Towne Belles #4),Desconocido,£41.24,One
Bounty (Colorado Mountain #7),Desconocido,£37.26,Four
I Had a Nice Time And Other Lies...: How to find love & sh*t like that,Betches,£57.36,Four
Will You Won't You Want Me?,Nora Zelevansky,£13.86,Three
Keep Me Posted,Lisa Beazley,£20.46,Four
Grey (Fifty Shades #4),E L James,£48.49,Four
Meternity,Meghann Foye,£43.58,Three
Some Women,Maarten Maartens,£13.73,Five
Shopaholic Ties the Knot (Shopaholic #3),Sophie Kinsella,£48.39,Five
Can You Keep a Secret?,Karen Perry,£21.94,One
Twenties Girl,Sophie Kinsella,£42.80,Two
The Undomestic Goddess,Sophie Kinsella,£45.75,Four
The Nanny Diaries (Nanny #1),Jacalyn S. Burke,£52.53,Five
The Devil Wears Prada (The Devil Wears Prada #1),Lauren Weisberger,£44.29,One
Something Borrowed (Darcy & Rachel #1),Desconocido,£48.96,Five
Something Blue (Darcy & Rachel #2),Desconocido,£54.62,One
I've Got Your Number,"Doris Webster, Mary Alden Hopkins",£19.69,One
The Edge of Reason (Bridget Jones #2),Bright Summaries,£19.18,Four
Bridget Jones's Diary (Bridget Jones #1),Helen Fielding,£29.82,One
Soumission,Michel Houellebecq,£50.10,One
Private Paris (Private #10),"James Patterson, Mark T. Sullivan",£47.61,Five
"We Love You, Charlie Freeman",Kaitlyn Greenidge,£50.27,Five
Thirst,Marina Yuszczuk,£17.27,Five
The Murder That Never Was (Forensic Instincts #5),Jaden Skye,£54.11,Three
Tuesday Nights in 1980,Molly Prentiss,£21.04,Two
The Vacationers,Emma Straub,£42.15,Four
The Regional Office Is Under Attack!,Manuel Gonzales,£51.36,Five
Finders Keepers (Bill Hodges Trilogy #2),Geoffrey Homes,£53.53,Five
The Time Keeper,Mitch Albom,£27.88,Five
The Testament of Mary,Colm Toibin,£52.67,Four
The First Hostage (J.B. Collins #2),Desconocido,£25.85,Three
Take Me with You,K.A. Linde,£45.21,Three
Still Life with Bread Crumbs,Anna Quindlen,£26.41,Three
Shtum,Jem Lester,£55.84,Four
My Name Is Lucy Barton,Elizabeth Strout,£41.56,One
My Mrs. Brown,"William Norwich, William D. Norwich",£24.48,Three
Mr. Mercedes (Bill Hodges Trilogy #1),Stephen King,£28.90,One
I Am Pilgrim (Pilgrim #1),Terry Hayes,£10.60,Four
Eligible (The Austen Project #4),Desconocido,£27.09,Three
Eight Hundred Grapes,Laura Dave,£14.39,Four
Dear Mr. Knightley,Katherine Reay,£11.21,Five
Cometh the Hour (The Clifton Chronicles #6),Jeffrey Archer,£25.01,Three
Balloon Animals,Desconocido,£17.03,Three
A Man Called Ove,Fredrik Backman,£39.72,One
The Silent Sister (Riley MacPherson #1),Diane Chamberlain,£46.29,Five
The Dinner Party,Judy Chicago,£56.54,Two
The Improbability of Love,Hannah Rothschild,£59.45,One
Mothering Sunday,Constance Penswick Smith,£13.34,Two
Lies and Other Acts of Love,Kristy Woodson Harvey,£45.14,One
Daredevils,Bill Condon,£16.34,Three
11/22/63,Stephen King,£48.48,Three
The Shack,Wm Paul Young,£28.03,One
The High Mountains of Portugal,Yann Martel,£51.15,One
Miller's Valley,Instaread,£58.54,Two
Hystopia: A Novel,David Means,£21.96,Four
The Bourne Identity (Jason Bourne #1),Robert Ludlum,£42.78,Four
Sister Dear,Hannah Mary McKinnon,£40.20,Four
Memoirs of a Geisha,Arthur Golden,£49.67,Three
Me Before You (Me Before You #1),G Whiz,£19.02,One
Deception Point,Dan Brown,£40.32,Four
The Little Paris Bookshop,Nina George,£24.73,Three
The Firm,John Grisham,£45.56,Three
The Expatriates,Janice Y. K. Lee,£44.58,Two
Siddhartha,Hermann Hesse,£34.22,Five
Last One Home (New Beginnings #1),Cathleen Armstrong,£59.98,Three
Digital Fortress,DAN BROWN,£58.00,Five
Atlas Shrugged,Ayn Rand,£26.58,Five
Three-Martini Lunch,Suzanne Rindell,£23.21,Three
The Nightingale,Morgana Gallaway,£26.26,Four
The Infinities,John Banville,£27.41,One
The Husband's Secret,Liane Moriarty,£52.51,Five
The Da Vinci Code (Robert Langdon #2),Dan Brown,£22.96,Two
The Art of Fielding,Chad Harbach,£22.10,One
Lila (Gilead #3),Desconocido,£12.47,Three
Jurassic Park (Jurassic Park #1),Scott Ciencin,£44.97,One
Inferno (Robert Langdon #4),Dan Brown,£41.00,Five
Crazy Rich Asians (Crazy Rich Asians #1),Kevin Kwan,£49.13,Five
Big Little Lies,Liane Moriarty,£22.11,One
The Course of Love,Alain de Botton,£16.78,Three
When I'm Gone,Beatriz Dujovne,£51.96,Three
The Silent Wife,A. S. A. Harrison,£12.34,Five
The Bette Davis Club,Jane Lotter,£30.66,Three
Kitchens of the Great Midwest,J. Ryan Stradal,£57.20,Five
Bright Lines,Tanwi Nandini Islam,£39.07,Five
Birdsong: A Story in Pictures,James Sturm,£54.64,Three
The Bear and the Piano,David Litchfield,£36.89,One
The Secret of Dreadwillow Carse,Brian Farrey,£56.13,One
The White Cat and the Monk: A Retelling of the Poem “Pangur Bán”,Jo Ellen Bogart,£58.08,Four
Little Red,Jack Zipes,£13.47,Three
Walt Disney's Alice in Wonderland,Jon Scieszka,£12.96,Five
Twenty Yawns,Jane Smiley,£22.08,Two
Rain Fish,Lois Ehlert,£23.57,Three
Once Was a Time,Leila Sales,£18.28,Two
Luis Paints the World,Terry Farish,£53.95,Three
Nap-a-Roo,Kristy Kurjan,£25.08,One
The Whale,Philip Hoare,£35.96,Four
"Shrunken Treasures: Literary Classics, Short, Sweet, and Silly",Scott Nash,£52.87,Three
Raymie Nightingale,Kate DiCamillo,£34.41,Two
Playing from the Heart,Anne Mateer,£32.38,One
Maybe Something Beautiful: How Art Transformed a Neighborhood,"F. Isabel Campoy, Theresa Howell",£22.54,One
The Wild Robot,Peter Brown,£56.07,Three
The Thing About Jellyfish,Ali Benjamin,£48.77,One
The Lonely Ones,Manly Palmer Hall,£43.59,Five
The Day the Crayons Came Home (Crayons),Drew Daywalt,£26.33,Five
The Cat in the Hat (Beginner Books B-1),Richard H.F. Lindemann,£16.26,Two
Red: The True Story of Red Riding Hood,Liesl Shurtliff,£28.54,Three
Horrible Bear!,Ame Dyckman,£37.52,Two
Green Eggs and Ham (Beginner Books B-16),Dr. Seuss,£10.79,Four
Counting Thyme,Melanie Conklin,£10.62,One
Are We There Yet?,Martin L. Davis,£10.66,Three
Diary of a Minecraft Zombie Book 1: A Scare of a Dare (An Unofficial Minecraft Book),Herobrine Publishing,£52.88,Four
Matilda,Roald Dahl,£28.34,One
Charlie and the Chocolate Factory (Charlie Bucket #1),Roald Dahl,£22.85,Three
"Don't Be a Jerk: And Other Practical Advice from Dogen, Japan's Greatest Zen Master",Brad Warner,£37.97,Two
You Are What You Love: The Spiritual Power of Habit,James K. A. Smith,£21.87,Four
God: The Most Unpleasant Character in All Fiction,Dan Barker,£30.03,Five
The Book of Mormon,Grant Hardy,£24.57,Three
"A History of God: The 4,000-Year Quest of Judaism, Christianity, and Islam",Karen Armstrong,£27.62,One
The Bhagavad Gita,Hari Chetan,£57.49,Three
Choosing Our Religion: The Spiritual Lives of America's Nones,Elizabeth Drescher,£28.42,Four
Worlds Elsewhere: Journeys Around Shakespeare’s Globe,Andrew Dickson,£40.30,Five
The Five Love Languages: How to Express Heartfelt Commitment to Your Mate,Gary D. Chapman,£31.05,Three
Reasons to Stay Alive,Matt Haig,£26.41,Two
#HigherSelfie: Wake Up Your Life. Free Your Soul. Find Your Tribe.,"Lucy Sheridan, Jo Westwood",£23.11,Five
"Unseen City: The Majesty of Pigeons, the Discreet Charm of Snails & Other Wonders of the Urban Wilderness",Nathanael Johnson,£44.18,Four
Throwing Rocks at the Google Bus: How Growth Became the Enemy of Prosperity,Douglas Rushkoff,£31.12,Three
The Life-Changing Magic of Tidying Up: The Japanese Art of Decluttering and Organizing,Marie Kondo,£16.77,Three
The Gutsy Girl: Escapades for Your Life of Epic Adventure,Caroline Paul,£37.13,One
The Electric Pencil: Drawings from Inside State Hospital No. 3,James Edward Deeds,£56.06,One
Spark Joy: An Illustrated Master Class on the Art of Organizing and Tidying Up,Marie Kondo,£41.83,Four
Reskilling America: Learning to Labor in the Twenty-First Century,"Katherine S. Newman, Hella Winston",£19.83,Two
In the Country We Love: My Family Divided,"Diane Guerrero, Michelle Burford",£22.00,Four
Everydata: The Misinformation Hidden in the Little Data You Consume Every Day,John H. Johnson,£54.35,Two
Call the Nurse: True Stories of a Country Nurse on a Scottish Isle,Mary J. MacLeod,£29.14,Five
Algorithms to Live By: The Computer Science of Human Decisions,"Brian Christian, Tom Griffiths",£30.81,One
The Power of Now: A Guide to Spiritual Enlightenment,Eckhart Tolle,£43.54,Two
The Omnivore's Dilemma: A Natural History of Four Meals,Michael Pollan,£38.21,Two
The Genius of Birds,Jennifer Ackerman,£17.24,One
The Artist's Way: A Spiritual Path to Higher Creativity,Julia Cameron,£38.49,Five
So You've Been Publicly Shamed,Jon Ronson,£12.23,Two
"Daring Greatly: How the Courage to Be Vulnerable Transforms the Way We Live, Love, Parent, and Lead",Brené Brown,£19.43,Three
Big Magic: Creative Living Beyond Fear,Elizabeth Gilbert,£30.80,Three
Becoming Wise: An Inquiry into the Mystery and Art of Living,Krista Tippett,£27.43,Two
Agnostic: A Spirited Manifesto,Lesley Hazleton,£12.51,Five
Whole Lotta Creativity Going On: 60 Fun and Unusual Exercises to Awaken and Strengthen Your Creativity,Regina Pacelli,£38.20,Four
What's It Like in Space?: Stories from Astronauts Who've Been There,Ariel Waldman,£19.60,Two
The Year of Magical Thinking,Joan Didion,£43.04,Two
The Literature Book (Big Ideas Simply Explained),"James Canton, Sam Atkinson",£17.43,Three
The Bad-Ass Librarians of Timbuktu: And Their Race to Save the World’s Most Precious Manuscripts,Joshua Hammer,£15.77,One
Swell: A Year of Waves,Evan Slater,£45.58,One
No Dream Is Too High: Life Lessons From a Man Who Walked on the Moon,"Buzz Aldrin, Ken Abraham",£21.95,Two
Looking for Lovely: Collecting the Moments that Matter,Annie F. Downs,£29.14,Five
Let It Out: A Journey Through Journaling,Katie Dalebout,£26.79,Five
Hamilton: The Revolution,"Lin-Manuel Miranda, Jeremy McCarter",£58.79,Three
"Far & Away: Places on the Brink of Change: Seven Continents, Twenty-Five Years",Andrew Solomon,£15.06,Four
"Eaternity: More than 150 Deliciously Easy Vegan Recipes for a Long, Healthy, Satisfied, Joyful Life",Jason Wrobel,£51.75,Five
Buying In: The Secret Dialogue Between What We Buy and Who We Are,Rob Walker,£37.80,Four
Brain on Fire: My Month of Madness,Susannah Cahalan,£49.32,Five
Abstract City,Christoph Niemann,£56.37,Five
13 Hours: The Inside Account of What Really Happened In Benghazi,MItchell Zuckoff,£27.06,One
The Lonely City: Adventures in the Art of Being Alone,Olivia Laing,£33.26,Two
The Diary of a Young Girl,Anne Frank,£59.90,Three
Snatched: How A Drug Queen Went Undercover for the DEA and Was Kidnapped By Colombian Guerillas,Bruce Porter,£21.21,Three
Furiously Happy: A Funny Book About Horrible Things,Jenny Lawson,£41.46,Four
"The Sleep Revolution: Transforming Your Life, One Night at a Time",Arianna Huffington,£11.68,Four
"Mother, Can You Not?",Kate Siegel,£16.89,Five
A Mother's Reckoning: Living in the Aftermath of Tragedy,Sue Klebold,£19.53,Three
"10% Happier: How I Tamed the Voice in My Head, Reduced Stress Without Losing My Edge, and Found Self-Help That Actually Works",Shortcut Edition,£24.57,Two
Chernobyl 01:23:40: The Incredible True Story of the World's Worst Nuclear Disaster,Andrew Leatherbarrow,£35.92,Two
"Zero to One: Notes on Startups, or How to Build the Future","Blake Masters, Peter Thiel",£34.06,Three
Why Not Me?,Li'Shey Johnson,£17.76,One
When Breath Becomes Air,Paul Kalanithi,£39.36,Two
"The Midnight Assassin: Panic, Scandal, and the Hunt for America's First Serial Killer",Skip Hollandsworth,£28.45,Four
Smarter Faster Better: The Secrets of Being Productive in Life and Business,Charles Duhigg,£38.89,Five
Rising Strong,Summary Station,£21.82,Three
Man's Search for Meaning,Viktor E. Frankl,£29.48,Three
"Love That Boy: What Two Presidents, Eight Road Trips, and My Son Taught Me About a Parent's Expectations",Ron Fournier,£25.06,Two
Living Forward: A Proven Plan to Stop Drifting and Get the Life You Want,Leopard Books,£12.55,Three
I Will Find You,Sarah Lyu,£44.21,One
Brazen: The Courage to Find the You That's Been Hiding,Leeana Tankersley,£19.22,Two
Between the World and Me,Libros Maestros,£56.91,Four
Being Mortal: Medicine and What Matters in the End,Atul Gawande,£55.06,Four
"A Murder Over a Girl: Justice, Gender, Junior High",Ken Corbett,£13.20,Three
For the Love: Fighting for Grace in a World of Impossible Standards,Jen Hatmaker,£45.13,Three
Finding God in the Ruins: How God Redeems Pain,Matt Bays,£46.64,Two
The Man Who Mistook His Wife for a Hat and Other Clinical Tales,Oliver Sacks,£59.45,Four
In Cold Blood,Truman Capote,£49.98,Four
"Girl, Interrupted",Susanna Kaysen,£42.14,Three
Why Save the Bankers?: And Other Essays on Our Economic and Political Crisis,Thomas Piketty,£48.67,Two
Talking to Girls About Duran Duran: One Young Man's Quest for True Love and a Cooler Haircut,Rob Sheffield,£25.15,Four
My Mother Was Nuts,Penny Marshall,£31.63,Four
"Data, A Love Story: How I Gamed Online Dating to Meet My Match",Amy Webb,£32.35,Three
The Jazz of Physics: The Secret Link Between Music and the Structure of the Universe,Stephon Alexander,£38.71,Three
The Gunning of America: Business and the Making of American Gun Culture,Pamela Haag,£16.81,Four
The Geography of Bliss: One Grump's Search for the Happiest Places in the World,Eric Weiner,£28.23,Two
God Is Not Great: How Religion Poisons Everything,Christopher Hitchens,£27.80,One
We the People: The Modern-Day Figures Who Have Reshaped and Affirmed the Founding Fathers' Vision of America,Juan Williams,£31.95,Three
Very Good Lives: The Fringe Benefits of Failure and the Importance of Imagination,J. K. Rowling,£50.66,Three
"Unstuffed: Decluttering Your Home, Mind, and Soul",Ruth Soukup,£58.09,One
Under the Banner of Heaven: A Story of Violent Faith,Jon Krakauer,£30.00,One
"Trespassing Across America: One Man's Epic, Never-Done-Before (and Sort of Illegal) Hike Across the Heartland",Ken Ilgunas,£53.51,One
The Name of God is Mercy,Pope Francis,£37.25,Two
Stiff: The Curious Lives of Human Cadavers,Mary Roach,£36.74,Three
Spilled Milk: Based on a True Story,K. L. Randis,£49.51,One
"Rise of the Rocket Girls: The Women Who Propelled Us, from Missiles to the Moon to Mars",Nathalia Holt,£41.67,Four
Outliers: The Story of Success,Malcolm Gladwell,£14.16,One
Notes from a Small Island (Notes From a Small Island #1),Desconocido,£40.17,One
Night (The Night Trilogy #1),C.J. Pinard,£13.51,One
"Miracles from Heaven: A Little Girl, Her Journey to Heaven, and Her Amazing Story of Healing",Christy Wilson Beam,£57.83,One
Letter to a Christian Nation,Sam Harris,£22.20,One
Let's Pretend This Never Happened: A Mostly True Memoir,Jenny Lawson,£45.11,One
It's Never Too Late to Begin Again: Discovering Creativity and Meaning at Midlife and Beyond,Julia Cameron,£42.38,One
Into the Wild,Libros Maestros,£56.70,Five
"In the Garden of Beasts: Love, Terror, and an American Family in Hitler's Berlin",Erik Larson,£28.85,Three
I Am Malala: The Girl Who Stood Up for Education and Was Shot by the Taliban,Malala Yousafzai,£28.88,Two
Gratitude,Rhonda Byrne,£26.66,Five
Disrupted: My Misadventure in the Start-Up Bubble,Dan Lyons,£15.28,Five
Brave Enough,LINDSEY. STIRLING,£51.32,Five
"Born to Run: A Hidden Tribe, Superathletes, and the Greatest Race the World Has Never Seen",Christopher McDougall,£27.35,Two
Blink: The Power of Thinking Without Thinking,Malcolm Gladwell,£21.74,Five
Black Flags: The Rise of ISIS,Joby Warrick,£40.87,One
Are We Smart Enough to Know How Smart Animals Are?,Frans de Waal,£56.58,One
A Walk in the Woods: Rediscovering America on the Appalachian Trail,Bill Bryson,£30.48,Four
"The Suffragettes (Little Black Classics, #96)",Desconocido,£11.89,Two
Kindle Paperwhite User's Guide,Quick Guides Team,£34.00,Three
H is for Hawk,Helen Macdonald,£57.42,Five
Travels with Charley: In Search of America,John Steinbeck,£57.82,Five
The Tumor,"John Grisham, Focused Ultrasound Foundation",£41.56,Five
The End of the Jesus Era (An Investigation #1),James H. Stone Jr.,£14.40,One
"Eat, Pray, Love",Elizabeth Gilbert,£51.32,Three
Rip it Up and Start Again,Simon Reynolds,£35.02,Five
"Our Band Could Be Your Life: Scenes from the American Indie Underground, 1981-1991",Michael Azerrad,£57.25,Three
How Music Works,David Byrne,£37.32,Two
Love Is a Mix Tape (Music #1),Everest Media,£18.03,One
Please Kill Me: The Uncensored Oral History of Punk,André Malraux,£31.19,Four
Kill 'Em and Leave: Searching for James Brown and the American Soul,James McBride,£45.05,Five
"Chronicles, Vol. 1",Matt Wagner,£52.60,Two
This Is Your Brain on Music: The Science of a Human Obsession,Daniel J. Levitin,£38.40,One
"Orchestra of Exiles: The Story of Bronislaw Huberman, the Israel Philharmonic, and the One Thousand Jews He Saved from Nazi Horrors","Josh Aronson, Denise George",£12.36,Three
No One Here Gets Out Alive,"Jerry Hopkins, Danny Sugerman",£20.02,Five
Life,Yann Martel,£31.58,Five
Old Records Never Die: One Man's Quest for His Vinyl and His Past,Eric Spitznagel,£55.66,Two
Forever Rockers (The Rocker #12),Terri Anne Browning,£28.80,Three
"The Coming Woman: A Novel Based on the Life of the Infamous Feminist, Victoria Woodhull",Karen J. Hicks,£17.93,Three
The Boys in the Boat: Nine Americans and Their Epic Quest for Gold at the 1936 Berlin Olympics,Worth Books,£22.60,Four
"Starving Hearts (Triangular Trade Trilogy, #1)",Desconocido,£13.99,Two
America's Cradle of Quarterbacks: Western Pennsylvania's Football Factory from Johnny Unitas to Joe Montana,Wayne Stewart,£22.50,Three
Aladdin and His Wonderful Lamp,"Arthur Ransome, Thomas Mackenzie",£53.13,Three
Penny Maybe,Kathleen Martin,£33.29,Three
Maude (1883-1993):She Grew Up with the country,Mardo Williams,£18.02,Two
"The Inefficiency Assassin: Time Management Tactics for Working Smarter, Not Longer",Desconocido,£20.59,Five
Soul Reader,Michel Prince,£39.58,Two
Bossypants,Tina Fey,£49.46,Two
A World of Flavor: Your Gluten Free Passport,"Barrett Williams, ChatGPT",£42.95,One
"A Piece of Sky, a Grain of Rice: A Memoir in Four Meditations",Christine Hale,£56.76,Five
Tracing Numbers on a Train,"James McDonald, Rebecca McDonald",£41.60,Three
Thirteen Reasons Why,Jay Asher,£52.72,One
The Secret (The Secret #1),Teju Oyelakin,£27.37,Four
The Psychopath Test: A Journey Through the Madness Industry,Jon Ronson,£36.00,Two
The Kite Runner,Khaled Hosseini,£41.82,Four
The Girl on the Train,Paula Hawkins,£55.02,Two
The Emerald Mystery,Pip Ballantine,£23.15,Two
The Bridge to Consciousness: I'm Writing the Bridge Between Science and Our Old and New Beliefs.,David J Conway,£32.00,Three
The Art of War,Desconocido,£33.34,Five
Secrets and Lace (Fatal Hearts #1),Desconocido,£20.27,One
Romero and Juliet: A Tragic Tale of Love and Zombies,Desconocido,£36.94,One
Poses for Artists Volume 1 - Dynamic and Sitting Poses: An Essential Reference for Figure Drawing and the Human Form,Justin R. Martin,£41.06,One
Miss Peregrine’s Home for Peculiar Children (Miss Peregrine’s Peculiar Children #1),Desconocido,£10.76,One
Large Print Heart of the Pride,Tyndale,£19.15,Two
Grumbles,"Tricia Goyer, Amy Parker",£22.16,Two
First Steps for New Christians (Print Edition),Joseph D. Perry,£29.00,One
Eureka Trivia 6.0,Desconocido,£54.59,Four
Drive: The Surprising Truth About What Motivates Us,Daniel H. Pink,£34.95,Four
Done Rubbed Out (Reightman & Bailey #1),Desconocido,£37.72,Five
Beauty Restored (Riley Family Legacy Novellas #3),Desconocido,£11.11,Two
Ayumi's Violin,Mariko Tatsumoto,£15.48,Two
Anonymous,Gabriella Coleman,£46.82,Four
Amy Meets the Saints and Sages,Ernie Rosenberg,£18.46,Three
Amatus,Desconocido,£50.54,Five
V for Vendetta (V for Vendetta Complete),Desconocido,£37.10,Four
"Unbroken: A World War II Story of Survival, Resilience, and Redemption",Laura Hillenbrand,£45.95,Two
The Wright Brothers,Desconocido,£56.80,Four
The Songs of the Gods,Desconocido,£44.48,Five
The Rosie Project (Don Tillman #1),Desconocido,£54.04,One
The Power of Habit: Why We Do What We Do in Life and Business,Charles Duhigg,£16.88,Three
Steve Jobs,Desconocido,£39.50,Five
Luckiest Girl Alive,Desconocido,£49.83,Three
"Living Leadership by Insight: A Good Leader Achieves, a Great Leader Builds Monuments",Desconocido,£46.91,Four
Lady Midnight (The Dark Artifices #1),Desconocido,£16.28,Five
"Hush, Hush (Hush, Hush #1)",Linda Fairchild,£47.02,Three
Greek Mythic History,Desconocido,£10.23,Five
Every Last Word,Tamara Ireland Stone,£46.47,Three
Daily Fantasy Sports,Desconocido,£36.58,One
Clockwork Angel (The Infernal Devices #1),Desconocido,£44.14,One
City of Fallen Angels (The Mortal Instruments #4),Cassandra Clare,£11.23,Four
City of Bones (The Mortal Instruments #1),Cassandra Clare,£43.28,One
City of Ashes (The Mortal Instruments #2),Cassandra Clare,£47.27,One
"Carry On, Warrior: Thoughts on Life Unarmed",Desconocido,£31.85,Three
Carrie,Desconocido,£46.23,Two
Angels & Demons (Robert Langdon #1),Desconocido,£51.48,Three
"The Three Searches, Meaning, and the Story",Desconocido,£13.33,Three
Raspberry Pi Electronics Projects for the Evil Genius,Desconocido,£49.67,Four
How to Speak Golf: An Illustrated Guide to Links Lingo,"Sally Cook, Ross MacDonald",£58.32,Five
Eleanor & Park,Desconocido,£56.51,Five
Troublemaker: Surviving Hollywood and Scientology,Desconocido,£48.39,Two
Adultery,Desconocido,£20.88,Five
Unlimited Intuition Now,Desconocido,£58.87,Four
Underlying Notes,Eva Pasco,£11.82,Two
The New Brand You: Your New Image Makes the Sale for You,Julie Broad,£44.05,Five
The Flowers Lied,Desconocido,£16.68,Two
"NaNo What Now? Finding your editing process, revising your NaNoWriMo book and building a writing career through publishing and beyond",Hillary DePiano,£10.41,Four
Modern Day Fables,Horace Fletcher,£47.44,Two
The Unlikely Pilgrimage of Harold Fry (Harold Fry #1),Khadija Caffoor,£43.62,Five
The Martian (The Martian #1),Desconocido,£41.39,Two
Left Behind (Left Behind #1),Philena Kelly,£40.72,Two
John Vassos: Industrial Design for Modern Life,Desconocido,£20.22,Four
I'll Give You the Sun,Jandy Nelson,£56.48,One
Heaven is for Real: A Little Boy's Astounding Story of His Trip to Heaven and Back,Todd Burpo,£52.86,Two
Ender's Game (The Ender Quintet #1),"Expert Book Reviews, Orson Scott Card",£43.64,One
Death by Leisure: A Cautionary Tale,Desconocido,£37.51,Four
Wildlife of New York: A Five-Borough Coloring Book,Desconocido,£22.14,Two
The Year of Living Biblically: One Man's Humble Quest to Follow the Bible as Literally as Possible,Desconocido,£34.72,One
The Great Gatsby,F. Scott Fitzgerald,£36.05,Four
The Good Girl,Desconocido,£49.03,Three
The 7 Habits of Highly Effective People: Powerful Lessons in Personal Change,Desconocido,£33.17,Four
Steal Like an Artist: 10 Things Nobody Told You About Being Creative,Desconocido,£20.90,Two
Life of Pi,Yann Martel,£13.22,Four
The Sound Of Love,Desconocido,£57.84,Five
The Perks of Being a Wallflower,Stephen Chbosky,£55.02,Three
The Makings of a Fatherless Child,Desconocido,£31.58,Two
The Hobbit (Middle-Earth Universe),Fleming Rutledge,£17.80,Five
The Fellowship of the Ring (The Lord of the Rings #1),J. R. R. Tolkien,£10.27,Two
Ship Leaves Harbor: Essays on Travel by a Recovering Journeyman,Desconocido,£30.60,Three
Musicophilia: Tales of Music and the Brain,Desconocido,£46.58,One
What If?: Serious Scientific Answers to Absurd Hypothetical Questions,Randall Munroe,£53.68,Four
The Fault in Our Stars,John Green,£47.22,One
The Dream Thieves (The Raven Cycle #2),Desconocido,£34.50,One
The 5th Wave (The 5th Wave #1),Desconocido,£11.83,Two
Shiver (The Wolves of Mercy Falls #1),Desconocido,£16.23,Five
Remember Me?,Desconocido,£11.48,Three
If I Stay (If I Stay #1),Desconocido,£38.13,Five
I Know Why the Caged Bird Sings (Maya Angelou's Autobiography #1),Desconocido,£36.55,Two
Harry Potter and the Deathly Hallows (Harry Potter #7),Desconocido,£23.32,One
Fool Me Once,Desconocido,£16.96,One
Drama,Desconocido,£38.70,Two
"Blue Lily, Lily Blue (The Raven Cycle #3)",Desconocido,£34.13,Five
Alight (The Generations Trilogy #2),Desconocido,£58.59,Four
Vogue Colors A to Z: A Fashion Coloring Book,Desconocido,£52.35,Four
The Shining (The Shining #1),Stephen King,£27.88,Three
The Hunger Games (The Hunger Games #1),Desconocido,£29.85,Five
Outlander (Outlander #1),Desconocido,£19.67,Five
Mockingjay (The Hunger Games #3),Desconocido,£20.44,Four
Harry Potter and the Sorcerer's Stone (Harry Potter #1),Michelle Breyer,£13.90,Three
Confessions of a Shopaholic (Shopaholic #1),Desconocido,£48.94,Two
Zero History (Blue Ant #3),Desconocido,£34.77,One
World War Z: An Oral History of the Zombie War,Max Brooks,£21.80,One
Wild: From Lost to Found on the Pacific Crest Trail,Cheryl Strayed,£46.02,Three
"Where'd You Go, Bernadette",Desconocido,£18.13,One
Twilight (Twilight #1),Desconocido,£41.93,Two
The Paris Wife,Paula McLain,£36.80,Three
The Maze Runner (The Maze Runner #1),Desconocido,£20.93,One
The Lover's Dictionary,Desconocido,£58.09,Two
The Goldfinch,Donna Tartt,£43.58,Three
The Giver (The Giver Quartet #1),G Whiz,£12.30,One
The Girl Who Played with Fire (Millennium Trilogy #2),Desconocido,£22.14,Two
The Demon-Haunted World: Science as a Candle in the Dark,Desconocido,£52.25,Four
The Book Thief,Desconocido,£53.49,Two
The Autobiography of Malcolm X,Desconocido,£23.43,Two
Shopaholic & Baby (Shopaholic #5),Desconocido,£46.45,Two
Quiet: The Power of Introverts in a World That Can't Stop Talking,Desconocido,£43.55,One
Packing for Mars: The Curious Science of Life in the Void,Mary Roach,£56.68,Two
Orange Is the New Black,Desconocido,£24.61,Two
One for the Money (Stephanie Plum #1),Desconocido,£32.87,Two
Morning Star (Red Rising #3),Desconocido,£29.40,One
Life After Life,Elizabeth Missing SEWELL,£26.13,Two
"Lean In: Women, Work, and the Will to Lead",Desconocido,£25.02,One
Is Everyone Hanging Out Without Me? (And Other Concerns),Mindy Kaling,£20.11,Three
Gone Girl,Desconocido,£37.60,Five
Fellside,Desconocido,£38.62,One
Eclipse (Twilight #3),Stephenie Meyer,£18.74,One
Dracula,Desconocido,£52.62,Three
Dead Wake: The Last Crossing of the Lusitania,Desconocido,£39.24,Five
"David and Goliath: Underdogs, Misfits, and the Art of Battling Giants",Desconocido,£17.81,One
Dark Places,Desconocido,£23.90,Five
Breaking Dawn (Twilight #4),Stephenie MEYER,£35.28,Five
Beautiful Creatures (Caster Chronicles #1),Desconocido,£21.55,Five
A Visit from the Goon Squad,Jennifer Egan,£14.08,Five
The Zombie Room,R. d. Ronald,£19.69,Five
The Name of the Wind (The Kingkiller Chronicle #1),Desconocido,£50.59,Three
Taking Shots (Assassins #1),Desconocido,£18.88,Two
Shatter Me (Shatter Me #1),Desconocido,£42.40,One
Paradise Lost (Paradise #1),Desconocido,£24.96,One
On the Road (Duluoz Legend),Desconocido,£32.36,Three
Jane Eyre,Desconocido,£38.43,Five
Frankenstein,Desconocido,£38.00,Two
Mesaerion: The Best Science Fiction Stories 1800-1849,Desconocido,£37.59,One
Join,"Ochoa, Collins",£35.67,Five
"William Shakespeare's Star Wars: Verily, A New Hope (William Shakespeare's Star Wars #4)",Ian Doescher,£43.30,Four
The Project,Desconocido,£10.65,One
Soft Apocalypse,Desconocido,£26.12,Two
Sleeping Giants (Themis Files #1),Desconocido,£48.74,One
Arena,Desconocido,£21.36,Four
Foundation (Foundation (Publication Order) #1),Desconocido,£32.42,One
The Restaurant at the End of the Universe (Hitchhiker's Guide to the Galaxy #2),Douglas Adams,£10.92,One
Ready Player One,Ernest Cline,£19.07,Four
"Life, the Universe and Everything (Hitchhiker's Guide to the Galaxy #3)",Desconocido,£33.26,Two
Dune (Dune #1),Frank Herbert,£54.86,One
Do Androids Dream of Electric Sheep? (Blade Runner #1),Desconocido,£51.48,One
Three Wishes (River of Time: California #1),Desconocido,£44.18,Two
The Last Girl (The Dominion Trilogy #1),Desconocido,£36.26,Two
Having the Barbarian's Baby (Ice Planet Barbarians #7.5),Ruby Dixon,£34.96,Four
The Book of Basketball: The NBA According to The Sports Guy,Desconocido,£44.84,Five
"Friday Night Lights: A Town, a Team, and a Dream",Desconocido,£51.22,Three
Sugar Rush (Offensive Line #2),Desconocido,£24.42,One
Settling the Score (The Summer Games #1),Desconocido,£44.91,Two
Icing (Aces Hockey #2),Desconocido,£40.44,Four
The Torch Is Passed: A Harding Family Story,Desconocido,£19.09,One
"The Mindfulness and Acceptance Workbook for Anxiety: A Guide to Breaking Free from Anxiety, Phobias, and Worry Using Acceptance and Commitment Therapy",Desconocido,£23.89,Four
The Art Forger,Desconocido,£40.76,Three
On a Midnight Clear,Desconocido,£14.07,Three
Judo: Seven Steps to Black Belt (an Introductory Guide for Beginners),Desconocido,£53.90,Two
"Shobu Samurai, Project Aryoku (#3)",Desconocido,£29.06,Three
Modern Romance,Desconocido,£28.26,Five
The White Queen (The Cousins' War #1),Desconocido,£25.91,Five
The Song of Achilles,Desconocido,£37.40,Five
The Immortal Life of Henrietta Lacks,Desconocido,£40.67,Two
The Dovekeepers,Desconocido,£48.78,One
More Than Music (Chasing the Dream #1),Desconocido,£37.61,Two
Code Name Verity (Code Name Verity #1),Desconocido,£22.13,Four
Cell,Desconocido,£20.29,Four
Angels Walking (Angels Walking #1),Desconocido,£34.20,Two
"A Series of Catastrophes and Miracles: A True Story of Love, Science, and Cancer",Desconocido,£56.48,Two
A People's History of the United States,Desconocido,£40.79,Two
A Brush of Wings (Angels Walking #3),Desconocido,£55.51,One
Rook,Desconocido,£37.86,Four
The Midnight Watch: A Novel of the Titanic and the Californian,Desconocido,£26.20,One
The Gray Rhino: How to Recognize and Act on the Obvious Dangers We Ignore,Desconocido,£59.15,Four
The Children,Desconocido,£11.88,Three
One with You (Crossfire #5),Desconocido,£15.71,Four
Without Shame,Desconocido,£48.27,Five
Watchmen,Desconocido,£58.05,Four
A Hero's Curse (The Unseen Chronicles #1),Desconocido,£50.49,Three
23 Degrees South: A Tropical Tale of Changing Whether...,Desconocido,£35.79,Two
The Glass Castle,Desconocido,£16.24,One
The Drowning Girls,Desconocido,£35.67,Three
Team of Rivals: The Political Genius of Abraham Lincoln,Desconocido,£20.12,Five
John Adams,Desconocido,£57.43,Four
Good in Bed (Cannie Shapiro #1),Jennifer Weiner,£37.05,Five
The Joy of Cooking,Desconocido,£43.27,Four
The Golden Compass (His Dark Materials #1),Desconocido,£18.77,One
The God Delusion,Desconocido,£46.85,Three
Pride and Prejudice,Desconocido,£19.27,Four
Mere Christianity,Desconocido,£48.51,Three
Fun Home: A Family Tragicomic,Desconocido,£56.59,Four
The Raven King (The Raven Cycle #4),Desconocido,£30.57,Two
Find Her (Detective D.D. Warren #8),Desconocido,£22.37,One
Evicted: Poverty and Profit in the American City,Desconocido,£42.27,One
A Game of Thrones (A Song of Ice and Fire #1),George R. R. Martin,£46.42,Two
A Clash of Kings (A Song of Ice and Fire #2),Desconocido,£10.79,Three
The Tipping Point: How Little Things Can Make a Big Difference,Malcolm Gladwell,£10.02,Two
The Rest Is Noise: Listening to the Twentieth Century,Desconocido,£34.77,One
The Purpose Driven Life: What on Earth Am I Here for?,Desconocido,£37.19,Three
The Hitchhiker's Guide to the Galaxy (Hitchhiker's Guide to the Galaxy #1),Desconocido,£47.80,Three
The Girl Who Kicked the Hornet's Nest (Millennium Trilogy #3),Desconocido,£57.48,One
"The End of Faith: Religion, Terror, and the Future of Reason",Desconocido,£22.13,Four
The Complete Poems,Desconocido,£41.32,Five
The Catcher in the Rye,Desconocido,£24.55,One
The Case for Christ (Cases for Christianity),Desconocido,£47.84,One
The Blind Side: Evolution of a Game,Desconocido,£53.71,Five
Seven Days in the Art World,Desconocido,£52.33,Two
Sarah's Key,Tatiana De Rosnay,£46.29,One
Rogue Lawyer (Rogue Lawyer #1),Desconocido,£50.11,Three
Manuscript Found in Accra,Desconocido,£34.98,Two
Fire Bound (Sea Haven/Sisters of the Heart #5),Desconocido,£21.28,Four
Cosmos,Desconocido,£36.17,Two
#GIRLBOSS,Libros Maestros,£50.96,One
The Sense of an Ending,Desconocido,£31.38,Three
The Republic,Desconocido,£33.78,Three
The Odyssey,Desconocido,£29.64,Three
The Light of the Fireflies,Wade Edward Speer,£54.43,One
The Iliad,Desconocido,£16.16,One
The Communist Manifesto,Desconocido,£14.76,Three
Lord of the Flies,William Golding,£24.89,Three
Unicorn Tracks,Desconocido,£18.78,Three
"Saga, Volume 6 (Saga (Collected Editions) #6)",Desconocido,£25.02,Three
Princess Between Worlds (Wide-Awake Princess #5),Desconocido,£13.34,Five
Masks and Shadows,Desconocido,£56.40,Two
Crown of Midnight (Throne of Glass #2),Sarah J. Maas,£43.29,Three
"Avatar: The Last Airbender: Smoke and Shadow, Part 3 (Smoke and Shadow #3)",Desconocido,£28.09,Two
A Court of Thorns and Roses (A Court of Thorns and Roses #1),Desconocido,£52.37,One
Throne of Glass (Throne of Glass #1),Desconocido,£35.07,Three
The Glittering Court (The Glittering Court #1),Desconocido,£44.28,One
Hollow City (Miss Peregrine’s Peculiar Children #2),Desconocido,£42.98,One
The Star-Touched Queen,Desconocido,£46.02,Five
The Hidden Oracle (The Trials of Apollo #1),Desconocido,£52.26,Two
The Bane Chronicles (The Bane Chronicles #1-11),Desconocido,£44.73,Four
Island of Dragons (Unwanteds #7),Desconocido,£29.65,One
Demigods & Magicians: Percy and Annabeth Meet the Kanes (Percy Jackson & Kane Chronicles Crossover #1-3),Desconocido,£37.51,Five
City of Glass (The Mortal Instruments #3),Desconocido,£56.02,Four
Searching for Meaning in Gailana,Desconocido,£38.73,One
The Star-Touched Queen,Desconocido,£32.30,Five
A Shard of Ice (The Black Symphony Saga #1),Desconocido,£56.63,Three
King's Folly (The Kinsman Chronicles #1),Jill Williamson,£39.61,Five
Every Heart a Doorway (Every Heart A Doorway #1),Desconocido,£12.16,Five
A Gathering of Shadows (Shades of Magic #2),Desconocido,£44.81,Four
The Raven Boys (The Raven Cycle #1),Desconocido,£57.74,Four
The False Prince (The Ascendance Trilogy #1),Desconocido,£56.00,Five
Tell the Wind and Fire,Desconocido,£45.51,Three
A Feast for Crows (A Song of Ice and Fire #4),Desconocido,£17.21,Four
The Demonists (Demonist #1),Desconocido,£52.11,Two
The Beast (Black Dagger Brotherhood #14),Desconocido,£46.08,Five
Paper and Fire (The Great Library #2),Desconocido,£49.45,Five
Harry Potter and the Order of the Phoenix (Harry Potter #5),Desconocido,£31.63,Four
Harry Potter and the Half-Blood Prince (Harry Potter #6),Desconocido,£48.75,Five
Harry Potter and the Chamber of Secrets (Harry Potter #2),Desconocido,£14.74,One
The Rose & the Dagger (The Wrath and the Dawn #2),Desconocido,£58.64,Four
Soldier (Talon #3),Desconocido,£24.72,Two
Midnight Riot (Peter Grant/ Rivers of London - books #1),Desconocido,£55.46,Two
Heir to the Sky,Desconocido,£44.07,Four
Eragon (The Inheritance Cycle #1),Desconocido,£43.87,Three
Darkfever (Fever #1),Desconocido,£56.02,One
Ash,Desconocido,£22.06,Four
A Storm of Swords (A Song of Ice and Fire #3),Desconocido,£31.22,Two
Vampire Girl (Vampire Girl #1),Desconocido,£53.82,Two
The Silent Twin (Detective Jennifer Knight #3),Desconocido,£36.25,Three
The Mirror & the Maze (The Wrath and the Dawn #1.5),Desconocido,£29.38,One
Sister Sable (The Mad Queen #1),Desconocido,£13.33,Three
Shadow Rites (Jane Yellowrock #10),Desconocido,£21.72,Four
Origins (Alphas 0.5),Desconocido,£28.99,One
One Second (Seven #7),Desconocido,£52.94,Two
Myriad (Prentor #1),Desconocido,£58.75,Four
Without Borders (Wanderlove #1),Desconocido,£45.07,Two
The Mistake (Off-Campus #2),Desconocido,£43.29,Three
The Matchmaker's Playbook (Wingmen Inc. #1),Desconocido,£55.85,One
The Hook Up (Game On #1),Desconocido,£36.29,Five
Shameless,Desconocido,£58.35,Three
Off Sides (Off #1),Desconocido,£39.45,Five
The Requiem Red,Desconocido,£22.65,One
Set Me Free,Desconocido,£17.46,Five
The Natural History of Us (The Fine Art of Pretending #2),Desconocido,£45.22,Three
Obsidian (Lux #1),Desconocido,£14.86,Two
Burning,Desconocido,£28.81,Three
A Fierce and Subtle Poison,Desconocido,£28.13,Four
Scarlett Epstein Hates It Here,Desconocido,£43.55,Five
"Nightingale, Sing",Desconocido,£38.28,One
Library of Souls (Miss Peregrine’s Peculiar Children #3),Desconocido,£48.56,Five
Frostbite (Vampire Academy #2),Desconocido,£29.99,Five
Wild Swans,Desconocido,£14.36,Two
Until Friday Night (The Field Party #1),Desconocido,£46.31,Two
This Is Where It Ends,Desconocido,£27.12,Two
The Darkest Lie,Desconocido,£35.35,Five
My Kind of Crazy,Desconocido,£40.36,One
Don't Get Caught,Desconocido,£55.35,One
Catching Jordan (Hundred Oaks),Desconocido,£50.83,Three
Aristotle and Dante Discover the Secrets of the Universe (Aristotle and Dante Discover the Secrets of the Universe #1),Desconocido,£58.14,Four
The Epidemic (The Program 0.6),Desconocido,£14.44,Five
Stars Above (The Lunar Chronicles #4.5),Desconocido,£48.05,Two
No Love Allowed (Dodge Cove #1),Desconocido,£54.65,Four
"Exit, Pursued by a Bear",Desconocido,£51.34,Four
The Alien Club,Desconocido,£54.40,One
Don't Forget Steven,Desconocido,£33.23,One
South of Sunshine,Desconocido,£28.93,One
My Life Next Door (My Life Next Door ),Desconocido,£36.39,Five
Future Shock (Future Shock #1),Desconocido,£55.65,Five
Nightstruck: A Novel,Desconocido,£50.35,Four
Tell the Wolves I'm Home,Desconocido,£50.96,Two
"Will Grayson, Will Grayson (Will Grayson, Will Grayson)",Desconocido,£47.31,Four
Where She Went (If I Stay #2),Desconocido,£41.73,Four
Two Summers,Desconocido,£14.64,One
The Darkest Corners,Desconocido,£11.33,Five
Tell Me Three Things,Desconocido,£41.81,One
Lola and the Boy Next Door (Anna and the French Kiss #2),Desconocido,£23.63,Four
Kill the Boy Band,Desconocido,£15.52,Five
Isla and the Happily Ever After (Anna and the French Kiss #3),Desconocido,£48.13,Five
An Abundance of Katherines,Desconocido,£10.00,Five
Harry Potter and the Prisoner of Azkaban (Harry Potter #3),Desconocido,£24.17,Four
Walk the Edge (Thunder Road #2),Desconocido,£32.36,Three
Two Boys Kissing,Desconocido,£32.74,Two
The New Guy (and Other Senior Year Distractions),Desconocido,£44.92,Three
"The Land of 10,000 Madonnas",Desconocido,£29.64,Four
Scarlet (The Lunar Chronicles #2),Desconocido,£14.57,Four
Legend (Legend #1),Desconocido,£43.69,Four
Lady Renegades (Rebel Belle #3),Desconocido,£53.04,Five
Golden (Heart of Dread #3),Desconocido,£42.21,Four
Cinder (The Lunar Chronicles #1),Desconocido,£26.09,One
Boy Meets Boy,Desconocido,£21.12,Three
Annie on My Mind,Desconocido,£36.83,Five
New Moon (Twilight #2),Desconocido,£12.86,Four
Girl Online On Tour (Girl Online #2),Desconocido,£53.47,One
The Haters,Desconocido,£27.89,Five
The Art of Not Breathing,Desconocido,£40.83,Four
The Most Perfect Thing: Inside (and Outside) a Bird's Egg,Desconocido,£42.96,Four
Immunity: How Elie Metchnikoff Changed the Course of Modern Medicine,Desconocido,£57.36,Five
Sorting the Beef from the Bull: The Science of Food Fraud Forensics,Desconocido,£44.74,Four
Tipping Point for Planet Earth: How Close Are We to the Edge?,Desconocido,£37.55,One
"The Fabric of the Cosmos: Space, Time, and the Texture of Reality",Desconocido,£55.91,One
Diary of a Citizen Scientist: Chasing Tiger Beetles and Other New Ways of Engaging the World,Desconocido,£28.41,One
The Origin of Species,Desconocido,£10.01,Four
The Grand Design,Desconocido,£13.76,Three
Peak: Secrets from the New Science of Expertise,Desconocido,£16.28,Two
"The Elegant Universe: Superstrings, Hidden Dimensions, and the Quest for the Ultimate Theory",Desconocido,£13.03,Four
"The Disappearing Spoon: And Other True Tales of Madness, Love, and the History of the World from the Periodic Table of the Elements",Desconocido,£57.35,Five
"Surely You're Joking, Mr. Feynman!: Adventures of a Curious Character",Desconocido,£25.83,Two
Seven Brief Lessons on Physics,Desconocido,£30.60,Four
The Selfish Gene,Desconocido,£29.45,One
A Light in the Attic,Desconocido,£51.77,Three
The Black Maria,Desconocido,£52.15,One
Shakespeare's Sonnets,Desconocido,£20.66,Four
Olio,Desconocido,£23.88,One
You can't bury them all: Poems,Desconocido,£33.63,Two
Slow States of Collapse: Poems,Desconocido,£57.31,Three
Untitled Collection: Sabbath Poems 2014,Desconocido,£14.27,Four
Poems That Make Grown Women Cry,Desconocido,£14.19,Four
Night Sky with Exit Wounds,Desconocido,£41.05,One
salt.,Desconocido,£46.78,Four
"Quarter Life Poetry: Poems for the Young, Broke and Hangry",Desconocido,£50.89,Five
Out of Print: City Lights Spotlight No. 14,Desconocido,£53.64,Five
Les Fleurs du Mal,Desconocido,£29.04,Five
Howl and Other Poems,Desconocido,£40.45,Two
Leave This Song Behind: Teen Poetry at Its Best,Desconocido,£51.17,Five
The Collected Poems of W.B. Yeats (The Collected Works of W.B. Yeats #1),Desconocido,£15.42,Five
The Crossover,Desconocido,£38.77,Four
Booked,Desconocido,£17.49,Five
Twenty Love Poems and a Song of Despair,Desconocido,£30.95,Four
"Vampire Knight, Vol. 1 (Vampire Knight #1)",Desconocido,£15.40,One
Wall and Piece,Desconocido,£44.18,Four
Feathers: Displays of Brilliant Plumage,Desconocido,£49.05,Three
Art and Fear: Observations on the Perils (and Rewards) of Artmaking,Desconocido,£48.63,Four
The New Drawing on the Right Side of the Brain,Desconocido,£43.02,Three
History of Beauty,Desconocido,£10.29,Four
The Story of Art,Desconocido,£41.14,Four
The Art Book,Desconocido,£32.34,Two
Ways of Seeing,Desconocido,£39.51,Five
The Lucifer Effect: Understanding How Good People Turn Evil,Desconocido,£10.40,One
The Golden Condom: And Other Essays on Love Lost and Found,Desconocido,£39.43,One
It Didn't Start with You: How Inherited Family Trauma Shapes Who We Are and How to End the Cycle,Desconocido,£56.27,Three
An Unquiet Mind: A Memoir of Moods and Madness,Desconocido,£21.30,Three
"Thinking, Fast and Slow",Desconocido,£21.14,One
Civilization and Its Discontents,Desconocido,£59.95,Two
8 Keys to Mental Health Through Exercise,Desconocido,£31.04,One
The Argonauts,Desconocido,£10.93,Two
M Train,Desconocido,£27.18,One
Lab Girl,Desconocido,£40.85,One
Approval Junkie: Adventures in Caring Too Much,Desconocido,£58.81,Five
Running with Scissors,Desconocido,£12.91,Four
Me Talk Pretty One Day,Desconocido,£57.60,Two
Lust & Wonder,Desconocido,£11.87,Two
Life Without a Recipe,Desconocido,£59.04,Five
A Heartbreaking Work of Staggering Genius,Desconocido,£54.29,Five
Catastrophic Happiness: Finding Joy in Childhood's Messy Years,Desconocido,£37.35,Two
Fifty Shades Freed (Fifty Shades #3),Desconocido,£15.36,Five
The Long Haul (Diary of a Wimpy Kid #9),Desconocido,£44.07,One
Old School (Diary of a Wimpy Kid #10),Desconocido,£11.83,Five
I Know What I'm Doing -- and Other Lies I Tell Myself: Dispatches from a Life Under Construction,Desconocido,£25.98,Four
"Hyperbole and a Half: Unfortunate Situations, Flawed Coping Mechanisms, Mayhem, and Other Things That Happened",Desconocido,£14.75,Five
Dress Your Family in Corduroy and Denim,Desconocido,£43.68,Three
Toddlers Are A**holes: It's Not Your Fault,Desconocido,£25.55,One
When You Are Engulfed in Flames,Desconocido,£30.89,Five
Naked,Desconocido,£31.69,Three
"Lamb: The Gospel According to Biff, Christ's Childhood Pal",Desconocido,£55.50,Five
Holidays on Ice,Desconocido,£51.07,Two
Security,Desconocido,£39.25,Two
Follow You Home,Desconocido,£21.36,One
The Loney,Desconocido,£23.40,One
Pet Sematary,Desconocido,£10.56,Three
Doctor Sleep (The Shining #2),Desconocido,£40.12,Two
Psycho: Sanitarium (Psycho #1.5),Desconocido,£36.97,Five
Can You Keep a Secret? (Fear Street Relaunch #4),Desconocido,£48.64,One
Red Dragon (Hannibal Lecter #1),Desconocido,£23.37,Three
Dracula the Un-Dead,Desconocido,£35.63,Five
Night Shift (Night Shift #1-20),Desconocido,£12.75,Four
Needful Things,Desconocido,£47.51,Four
Misery,Desconocido,£34.79,Two
It,Desconocido,£25.01,Three
'Salem's Lot,Desconocido,£49.56,Four
The Stand,Desconocido,£57.86,Two
The Girl with All the Gifts,Desconocido,£49.47,Three
House of Leaves,Desconocido,£54.89,One
Sapiens: A Brief History of Humankind,Desconocido,£54.23,Five
"Unbound: How Eight Technologies Made Us Human, Transformed Society, and Brought Our World to the Brink",Desconocido,£25.52,One
The Age of Genius: The Seventeenth Century and the Birth of the Modern Mind,Desconocido,£19.73,One
"Political Suicide: Missteps, Peccadilloes, Bad Calls, Backroom Hijinx, Sordid Pasts, Rotten Breaks, and Just Plain Dumb Mistakes in the Annals of American Politics",Desconocido,£36.28,Two
Thomas Jefferson and the Tripoli Pirates: The Forgotten War That Changed American History,Desconocido,£59.64,One
Zealot: The Life and Times of Jesus of Nazareth,Desconocido,£24.70,Three
A Distant Mirror: The Calamitous 14th Century,Desconocido,£14.58,Three
1491: New Revelations of the Americas Before Columbus,Desconocido,£21.80,Three
Brilliant Beacons: A History of the American Lighthouse,Desconocido,£11.45,Three
"""Most Blessed of the Patriarchs"": Thomas Jefferson and the Empire of the Imagination",Desconocido,£44.48,Five
A Short History of Nearly Everything,Desconocido,£52.40,Five
The Rise and Fall of the Third Reich: A History of Nazi Germany,Desconocido,£39.67,Two
Catherine the Great: Portrait of a Woman,Desconocido,£58.55,Four
The Mathews Men: Seven Brothers and the War Against Hitler's U-boats,Desconocido,£42.91,Five
The Hiding Place,Desconocido,£55.91,Four
America's War for the Greater Middle East: A Military History,Desconocido,£51.22,Two
The Guns of August,Desconocido,£14.54,Two
"House of Lost Worlds: Dinosaurs, Dynasties, and the Story of Life on Earth",Desconocido,£43.70,Two
"Foolproof Preserving: A Guide to Small Batch Jams, Jellies, Pickles, Condiments, and More: A Foolproof Guide to Making Small Batch Jams, Jellies, Pickles, Condiments, and More",Desconocido,£30.52,Three
"The Pioneer Woman Cooks: Dinnertime: Comfort Classics, Freezer Food, 16-Minute Meals, and Other Delicious Ways to Solve Supper!",Desconocido,£56.41,One
My Paris Kitchen: Recipes and Stories,Desconocido,£33.37,Two
"Mama Tried: Traditional Italian Cooking for the Screwed, Crude, Vegan, and Tattooed",Desconocido,£14.02,Four
"Layered: Baking, Building, and Styling Spectacular Cakes",Desconocido,£40.11,One
The Nerdy Nummies Cookbook: Sweet Treats for the Geek in All of Us,Desconocido,£37.34,Five
The Love and Lemons Cookbook: An Apple-to-Zucchini Celebration of Impromptu Cooking,Desconocido,£37.60,Two
The Cookies & Cups Cookbook: 125+ sweet & savory recipes reminding you to Always Eat Dessert First,Desconocido,£41.25,One
"Deliciously Ella Every Day: Quick and Easy Recipes for Gluten-Free Snacks, Packed Lunches, and Simple Meals",Desconocido,£42.16,Three
The Help Yourself Cookbook for Kids: 60 Easy Plant-Based Recipes Kids Can Make to Stay Healthy and Save the Earth,Desconocido,£28.77,Three
"It's All Easy: Healthy, Delicious Weeknight Meals in under 30 Minutes",Desconocido,£19.55,One
Barefoot Contessa Back to Basics,Desconocido,£28.01,One
Barefoot Contessa at Home: Everyday Recipes You'll Make Over and Over Again,Desconocido,£50.62,Five
My Kitchen Year: 136 Recipes That Saved My Life,Desconocido,£11.53,Two
Everyday Italian: 125 Simple and Delicious Recipes,Desconocido,£20.10,Five
"A la Mode: 120 Recipes in 60 Pairings: Pies, Tarts, Cakes, Crisps, and More Topped with Ice Cream, Gelato, Frozen Custard, and More",Desconocido,£38.77,One
Cravings: Recipes for What You Want to Eat,Desconocido,£20.50,Three
"The Moosewood Cookbook: Recipes from Moosewood Restaurant, Ithaca, New York",Desconocido,£12.34,Four
32 Yolks,Desconocido,£53.63,Two
"Naturally Lean: 125 Nourishing Gluten-Free, Plant-Based Recipes--All Under 300 Calories",Desconocido,£11.38,Five
How to Cook Everything Vegetarian: Simple Meatless Recipes for Great Food (How to Cook Everything),Desconocido,£46.01,Four
How to Be a Domestic Goddess: Baking and the Art of Comfort Cooking,Desconocido,£28.25,Two
The Barefoot Contessa Cookbook,Desconocido,£59.92,Five
Better Homes and Gardens New Cook Book,Desconocido,£39.61,Three
The Power Greens Cookbook: 140 Delicious Superfood Recipes,Desconocido,£11.05,Five
Mexican Today: New and Rediscovered Recipes for Contemporary Kitchens,Desconocido,£24.91,Five
Vegan Vegetarian Omnivore: Dinner for Everyone at the Table,Desconocido,£13.66,Two
The Smitten Kitchen Cookbook,Desconocido,£23.59,One
"The Art of Simple Food: Notes, Lessons, and Recipes from a Delicious Revolution",Desconocido,£34.32,Three
Hungry Girl Clean & Hungry: Easy All-Natural Recipes for Healthy Eating in the Real World,Desconocido,£33.14,Three
Redeeming Love,Desconocido,£20.47,Five
Close to You,Desconocido,£49.46,Four
Shadows of the Past (Logan Point #1),Desconocido,£39.67,Five
Like Never Before (Walker Family #2),Desconocido,£28.77,Two
Counted With the Stars (Out from Egypt #1),Desconocido,£17.97,Five
If I Run (If I Run #1),Desconocido,£49.97,Four
The Dirty Little Secrets of Getting Your Dream Job,Desconocido,£33.34,Four
The Third Wave: An Entrepreneur’s Vision of the Future,Desconocido,£12.61,Five
The 10% Entrepreneur: Live Your Startup Dream Without Quitting Your Day Job,Desconocido,£27.55,Three
Shoe Dog: A Memoir by the Creator of NIKE,Desconocido,£23.99,Two
Made to Stick: Why Some Ideas Survive and Others Die,Desconocido,£38.85,Five
Quench Your Own Thirst: Business Lessons Learned Over a Beer or Two,Desconocido,£43.14,One
The Art of Startup Fundraising,Desconocido,£21.00,Three
Born for This: How to Find the Work You Were Meant to Do,Desconocido,£21.59,Five
The E-Myth Revisited: Why Most Small Businesses Don't Work and What to Do About It,Desconocido,£36.91,One
"Rich Dad, Poor Dad",Desconocido,£51.74,One
The Lean Startup: How Today's Entrepreneurs Use Continuous Innovation to Create Radically Successful Businesses,Desconocido,£33.92,Three
Rework,Desconocido,£44.88,Two
Louisa: The Extraordinary Life of Mrs. Adams,Desconocido,£16.85,Two
"Setting the World on Fire: The Brief, Astonishing Life of St. Catherine of Siena",Desconocido,£21.15,Two
The Faith of Christopher Hitchens: The Restless Soul of the World's Most Notorious Atheist,Desconocido,£39.55,One
Benjamin Franklin: An American Life,Desconocido,£48.19,Three
The Rise of Theodore Roosevelt (Theodore Roosevelt #1),Desconocido,£42.57,Three
In Her Wake,Desconocido,£12.84,One
The Elephant Tree,Desconocido,£23.82,Five
Behind Closed Doors,Desconocido,£52.22,Four
You (You #1),Desconocido,£43.61,Five
The Guilty (Will Robie #4),Desconocido,£13.82,Two
The 14th Colony (Cotton Malone #11),Desconocido,£39.24,One
Give It Back,Desconocido,£18.32,Two
Killing Floor (Jack Reacher #1),Desconocido,£31.49,Four
The Bone Hunters (Lexy Vaughan & Steven Macaulay #2),Desconocido,£59.71,Three
Far From True (Promise Falls Trilogy #2),Desconocido,£34.93,Two
The Travelers,Desconocido,£15.77,One
When We Collided,Desconocido,£31.77,One
Someone Like You (The Harrisons #2),Desconocido,£52.79,Five
We Are All Completely Beside Ourselves,Desconocido,£24.04,One
The Four Agreements: A Practical Guide to Personal Freedom,Desconocido,£17.66,Five
The Activist's Tao Te Ching: Ancient Advice for a Modern Revolution,Desconocido,£32.24,Five
Chasing Heaven: What Dying Taught Me About Living,Desconocido,£37.80,Two
If I Gave You God's Phone Number....: Searching for Spirituality in America,Desconocido,£20.91,One
Unreasonable Hope: Finding Faith in the God Who Brings Purpose to Your Pain,Desconocido,£46.33,Two
A New Earth: Awakening to Your Life's Purpose,Desconocido,£55.65,Five
Logan Kade (Fallen Crest High #5.5),Desconocido,£13.12,Two
Online Marketing for Busy Authors: A Step-By-Step Guide,Desconocido,£46.35,One
How to Be Miserable: 40 Strategies You Already Use,Desconocido,£46.03,One
"Overload: How to Unplug, Unwind, and Unleash Yourself from the Pressure of Stress",Desconocido,£52.15,Three
You Are a Badass: How to Stop Doubting Your Greatness and Start Living an Awesome Life,Desconocido,£12.08,Three
How to Stop Worrying and Start Living,Desconocido,£46.49,Five
All the Light We Cannot See,Desconocido,£29.87,Five
The Girl You Left Behind (The Girl You Left Behind #1),Desconocido,£15.79,One
(Un)Qualified: How God Uses Broken People to Do Big Things,Desconocido,£54.00,Five
Crazy Love: Overwhelmed by a Relentless God,Desconocido,£47.72,Two
Blue Like Jazz: Nonreligious Thoughts on Christian Spirituality,Desconocido,£25.77,One
Silence in the Dark (Logan Point #4),Desconocido,£58.33,Three
The Grownup,Desconocido,£35.88,One
Suzie Snowflake: One beautiful flake (a self-esteem story),Desconocido,£54.81,Five
"The Bulletproof Diet: Lose up to a Pound a Day, Reclaim Energy and Focus, Upgrade Your Life",Desconocido,£49.05,Three
"Eat Fat, Get Thin",Desconocido,£54.07,Two
10-Day Green Smoothie Cleanse: Lose Up to 15 Pounds in 10 Days!,Desconocido,£49.71,Five
The Art and Science of Low Carbohydrate Living,Desconocido,£52.98,Five
Libertarianism for Beginners,Desconocido,£51.33,Two
Why the Right Went Wrong: Conservatism--From Goldwater to the Tea Party and Beyond,Desconocido,£52.65,Four
Equal Is Unfair: America's Misguided Fight Against Income Inequality,Desconocido,£56.86,One
Amid the Chaos,Desconocido,£36.58,One
Dark Notes,Desconocido,£19.19,Five
The Long Shadow of Small Ghosts: Murder and Memory in an American City,Desconocido,£10.97,One
